Student_ID,Student_Name,Gender,School_ID,ParentEdu_ID,Income_ID
STU-00001,Kristina Pollard,M,SCH-0010,PED-0004,INC-0004
STU-00002,Sierra Miller,M,SCH-0010,PED-0004,INC-0005
STU-00003,Jared Fox,F,SCH-0006,PED-0001,INC-0001
STU-00004,Ronald Schneider,M,SCH-0006,PED-0005,INC-0003
STU-00005,Kayla Mcintyre,F,SCH-0006,PED-0005,INC-0003
STU-00006,Jessica Smith,M,SCH-0009,PED-0003,INC-0002
STU-00007,Ashley Johnson,F,SCH-0006,PED-0003,INC-0001
STU-00008,Larry Keith,F,SCH-0006,PED-0005,INC-0004
STU-00009,Tyler Peterson,F,SCH-0003,PED-0004,INC-0005
STU-00010,Robert Lester,M,SCH-0002,PED-0002,INC-0004
STU-00011,Michael Coleman,M,SCH-0002,PED-0004,INC-0001
STU-00012,James Hamilton,F,SCH-0010,PED-0002,INC-0002
STU-00013,William Taylor,M,SCH-0001,PED-0001,INC-0003
STU-00014,James Berry,M,SCH-0004,PED-0003,INC-0005
STU-00015,Jennifer Lee,M,SCH-0001,PED-0001,INC-0003
STU-00016,Catherine Gibbs,M,SCH-0007,PED-0004,INC-0002
STU-00017,Kristen Bailey,M,SCH-0001,PED-0003,INC-0004
STU-00018,Jonathan Porter,M,SCH-0003,PED-0001,INC-0003
STU-00019,Peter Alexander,F,SCH-0005,PED-0002,INC-0001
STU-00020,Brian Johnson,M,SCH-0002,PED-0001,INC-0001
STU-00021,Marcus Decker,M,SCH-0007,PED-0001,INC-0002
STU-00022,Tanya Barrett,F,SCH-0008,PED-0004,INC-0003
STU-00023,Gary Smith,M,SCH-0006,PED-0003,INC-0004
STU-00024,Christopher Francis,F,SCH-0002,PED-0003,INC-0005
STU-00025,Sergio Lewis,M,SCH-0008,PED-0001,INC-0005
STU-00026,Diamond Hernandez,M,SCH-0005,PED-0001,INC-0004
STU-00027,Susan Cole,M,SCH-0008,PED-0004,INC-0003
STU-00028,Jesse Joyce,M,SCH-0005,PED-0002,INC-0005
STU-00029,Heather Carrillo,M,SCH-0006,PED-0004,INC-0002
STU-00030,George Gonzalez,M,SCH-0005,PED-0002,INC-0005
STU-00031,Ryan Parks,F,SCH-0007,PED-0001,INC-0005
STU-00032,Bradley Johnson,F,SCH-0005,PED-0001,INC-0005
STU-00033,Janet Park,M,SCH-0005,PED-0003,INC-0002
STU-00034,Taylor Wright,F,SCH-0010,PED-0001,INC-0001
STU-00035,John Jones,F,SCH-0004,PED-0005,INC-0002
STU-00036,Jason Hardy,M,SCH-0009,PED-0004,INC-0002
STU-00037,Michelle Graham,M,SCH-0009,PED-0004,INC-0001
STU-00038,Rodney Dominguez,M,SCH-0001,PED-0001,INC-0003
STU-00039,Erin Osborne,M,SCH-0009,PED-0002,INC-0004
STU-00040,Martha Adams,M,SCH-0007,PED-0004,INC-0002
STU-00041,Destiny Knight,M,SCH-0002,PED-0005,INC-0002
STU-00042,Alexandra Estrada,F,SCH-0010,PED-0005,INC-0004
STU-00043,Sharon Adams,F,SCH-0002,PED-0004,INC-0002
STU-00044,Alice Mason,M,SCH-0007,PED-0005,INC-0004
STU-00045,Angela Sanchez,F,SCH-0004,PED-0004,INC-0005
STU-00046,Stephanie Mitchell,F,SCH-0006,PED-0004,INC-0002
STU-00047,James Mitchell,F,SCH-0008,PED-0004,INC-0005
STU-00048,Donna Riley,M,SCH-0009,PED-0003,INC-0002
STU-00049,Alexandra Evans,F,SCH-0006,PED-0001,INC-0005
STU-00050,Steven Holmes,M,SCH-0005,PED-0005,INC-0001
STU-00051,Christina Hutchinson,M,SCH-0003,PED-0005,INC-0001
STU-00052,Daniel Lee,M,SCH-0002,PED-0005,INC-0004
STU-00053,Mark Manning,M,SCH-0009,PED-0004,INC-0002
STU-00054,Jason Ellison,M,SCH-0001,PED-0004,INC-0002
STU-00055,Dawn Gomez,F,SCH-0010,PED-0001,INC-0005
STU-00056,Natalie Manning,F,SCH-0006,PED-0003,INC-0004
STU-00057,Tyler Williams,F,SCH-0003,PED-0004,INC-0002
STU-00058,Ann Wilson,M,SCH-0007,PED-0004,INC-0004
STU-00059,Mary Wilson,M,SCH-0009,PED-0002,INC-0002
STU-00060,Mckenzie Cox,M,SCH-0006,PED-0005,INC-0003
STU-00061,Veronica Palmer,F,SCH-0009,PED-0004,INC-0002
STU-00062,Alexander Key,M,SCH-0001,PED-0005,INC-0001
STU-00063,Robert Mccormick,F,SCH-0009,PED-0001,INC-0002
STU-00064,Rachel Bryant,M,SCH-0007,PED-0001,INC-0004
STU-00065,Mindy Carroll,F,SCH-0009,PED-0003,INC-0004
STU-00066,Casey Arellano,M,SCH-0009,PED-0001,INC-0003
STU-00067,Benjamin Lewis,M,SCH-0010,PED-0003,INC-0001
STU-00068,Dan Craig,M,SCH-0004,PED-0003,INC-0005
STU-00069,Amanda Haynes,F,SCH-0005,PED-0003,INC-0002
STU-00070,Richard Allen,F,SCH-0003,PED-0004,INC-0002
STU-00071,Brenda Johnson,M,SCH-0003,PED-0003,INC-0005
STU-00072,Billy Waters,F,SCH-0007,PED-0002,INC-0003
STU-00073,Michelle Evans,M,SCH-0009,PED-0004,INC-0003
STU-00074,Laura Harvey,F,SCH-0001,PED-0002,INC-0002
STU-00075,Michael Little,M,SCH-0010,PED-0002,INC-0001
STU-00076,Matthew Elliott,F,SCH-0008,PED-0004,INC-0002
STU-00077,Benjamin Petty DDS,F,SCH-0004,PED-0001,INC-0004
STU-00078,Caitlin Richards,M,SCH-0009,PED-0002,INC-0005
STU-00079,Justin Ayala,F,SCH-0010,PED-0002,INC-0001
STU-00080,Amy Fletcher,F,SCH-0006,PED-0003,INC-0001
STU-00081,Allison Baker,F,SCH-0010,PED-0003,INC-0003
STU-00082,Michelle Martin,M,SCH-0007,PED-0002,INC-0004
STU-00083,Rebecca Thompson,M,SCH-0001,PED-0003,INC-0003
STU-00084,Jessica Patton,F,SCH-0005,PED-0003,INC-0002
STU-00085,Robert Jones,M,SCH-0002,PED-0005,INC-0004
STU-00086,Andrew Campbell,F,SCH-0008,PED-0003,INC-0002
STU-00087,Steve Brown,F,SCH-0005,PED-0001,INC-0002
STU-00088,Zachary Webb,F,SCH-0010,PED-0001,INC-0002
STU-00089,Daisy Bonilla,F,SCH-0001,PED-0003,INC-0003
STU-00090,Megan Sparks,F,SCH-0008,PED-0001,INC-0003
STU-00091,Frank Maxwell,M,SCH-0009,PED-0003,INC-0005
STU-00092,Nancy King,M,SCH-0010,PED-0004,INC-0004
STU-00093,Joseph Anderson,F,SCH-0007,PED-0005,INC-0001
STU-00094,Marcus Gomez,F,SCH-0002,PED-0002,INC-0003
STU-00095,Karen Rios,M,SCH-0005,PED-0005,INC-0003
STU-00096,Tiffany Burke DDS,F,SCH-0005,PED-0003,INC-0004
STU-00097,Karen Rios,F,SCH-0005,PED-0003,INC-0002
STU-00098,Lisa Davis,F,SCH-0003,PED-0003,INC-0005
STU-00099,Adam Bailey,F,SCH-0002,PED-0004,INC-0004
STU-00100,Michelle Smith,M,SCH-0002,PED-0001,INC-0002
STU-00101,Carlos Fry,M,SCH-0007,PED-0004,INC-0002
STU-00102,Rachel Fisher,F,SCH-0002,PED-0003,INC-0003
STU-00103,John Dawson,F,SCH-0005,PED-0005,INC-0002
STU-00104,Joe Ayala,F,SCH-0004,PED-0001,INC-0001
STU-00105,Bryan Norman,M,SCH-0010,PED-0002,INC-0002
STU-00106,Kyle Black,F,SCH-0007,PED-0005,INC-0005
STU-00107,Jennifer Hardin,F,SCH-0002,PED-0003,INC-0003
STU-00108,Sean Black,F,SCH-0002,PED-0004,INC-0005
STU-00109,Anna Green,M,SCH-0008,PED-0005,INC-0004
STU-00110,Michael Evans,F,SCH-0002,PED-0004,INC-0004
STU-00111,Wanda Harris,F,SCH-0010,PED-0004,INC-0003
STU-00112,Whitney Huang,M,SCH-0007,PED-0002,INC-0004
STU-00113,Paula Decker,F,SCH-0001,PED-0001,INC-0004
STU-00114,Jennifer Romero,F,SCH-0005,PED-0002,INC-0005
STU-00115,David Johnson,M,SCH-0003,PED-0001,INC-0003
STU-00116,Melanie Brown,M,SCH-0006,PED-0005,INC-0003
STU-00117,Theresa Camacho,M,SCH-0007,PED-0001,INC-0001
STU-00118,Ralph Farrell,M,SCH-0007,PED-0005,INC-0002
STU-00119,Natasha Byrd,F,SCH-0010,PED-0003,INC-0005
STU-00120,Ashley Mills,M,SCH-0006,PED-0004,INC-0002
STU-00121,Kenneth Barnes Jr.,F,SCH-0009,PED-0003,INC-0004
STU-00122,Brandon Howard,M,SCH-0003,PED-0002,INC-0004
STU-00123,Maria Bean,M,SCH-0004,PED-0001,INC-0003
STU-00124,Jenna Bowman,F,SCH-0010,PED-0001,INC-0001
STU-00125,Christian Lopez,F,SCH-0005,PED-0002,INC-0003
STU-00126,Clarence Wong,F,SCH-0010,PED-0004,INC-0004
STU-00127,Ashley King,F,SCH-0004,PED-0003,INC-0001
STU-00128,Benjamin Roth,F,SCH-0010,PED-0003,INC-0003
STU-00129,Jennifer Brown,M,SCH-0001,PED-0004,INC-0001
STU-00130,Mr. Ralph Dennis,F,SCH-0001,PED-0004,INC-0001
STU-00131,Marissa Anderson,F,SCH-0002,PED-0003,INC-0004
STU-00132,Lauren Aguilar,M,SCH-0009,PED-0003,INC-0003
STU-00133,Carl Coleman,F,SCH-0005,PED-0004,INC-0005
STU-00134,Abigail Schroeder,F,SCH-0002,PED-0001,INC-0001
STU-00135,Anthony Reyes,F,SCH-0006,PED-0001,INC-0001
STU-00136,Jane Cook,M,SCH-0008,PED-0001,INC-0004
STU-00137,Oscar Kim,M,SCH-0004,PED-0001,INC-0001
STU-00138,James Moore,M,SCH-0009,PED-0002,INC-0003
STU-00139,Joshua Warren,F,SCH-0008,PED-0003,INC-0005
STU-00140,Teresa Tran,M,SCH-0007,PED-0001,INC-0005
STU-00141,Mr. Michael Heath,M,SCH-0005,PED-0002,INC-0002
STU-00142,Robert Wilson,F,SCH-0010,PED-0002,INC-0002
STU-00143,Scott Smith,M,SCH-0005,PED-0002,INC-0001
STU-00144,Natalie Miller,F,SCH-0006,PED-0004,INC-0004
STU-00145,Melissa Tran,M,SCH-0007,PED-0003,INC-0001
STU-00146,George Stephenson,M,SCH-0003,PED-0004,INC-0005
STU-00147,Sarah Johnson,M,SCH-0007,PED-0003,INC-0004
STU-00148,Tina Parsons,F,SCH-0008,PED-0003,INC-0005
STU-00149,John Bryant,F,SCH-0005,PED-0004,INC-0002
STU-00150,Mrs. Anita Morris MD,F,SCH-0007,PED-0001,INC-0001
STU-00151,Michael Hess,M,SCH-0006,PED-0002,INC-0005
STU-00152,Daniel Gill,M,SCH-0008,PED-0005,INC-0004
STU-00153,Michael Washington,F,SCH-0004,PED-0004,INC-0005
STU-00154,Angela Cortez,M,SCH-0005,PED-0002,INC-0005
STU-00155,Michael Howard,M,SCH-0006,PED-0002,INC-0005
STU-00156,Mary Ruiz,F,SCH-0009,PED-0001,INC-0005
STU-00157,Justin Gallagher,M,SCH-0006,PED-0003,INC-0005
STU-00158,Stephanie Beltran,M,SCH-0005,PED-0005,INC-0003
STU-00159,Dennis Buchanan DDS,M,SCH-0010,PED-0002,INC-0004
STU-00160,Walter Smith,F,SCH-0009,PED-0001,INC-0002
STU-00161,John Roman,M,SCH-0008,PED-0002,INC-0003
STU-00162,Krista Williams,M,SCH-0005,PED-0005,INC-0005
STU-00163,Jason Sparks,F,SCH-0006,PED-0002,INC-0001
STU-00164,Sharon Garza,M,SCH-0008,PED-0001,INC-0001
STU-00165,Matthew Herman,M,SCH-0004,PED-0001,INC-0002
STU-00166,Glenn Johnson,M,SCH-0007,PED-0004,INC-0003
STU-00167,Daniel Lara,M,SCH-0004,PED-0003,INC-0003
STU-00168,Daniel Rogers DVM,M,SCH-0009,PED-0003,INC-0002
STU-00169,Hannah Barajas,M,SCH-0003,PED-0001,INC-0003
STU-00170,Stacey Mason,F,SCH-0003,PED-0001,INC-0002
STU-00171,Kendra Johns,F,SCH-0004,PED-0001,INC-0004
STU-00172,Greg Lopez,F,SCH-0009,PED-0002,INC-0002
STU-00173,Paul Vaughn,M,SCH-0002,PED-0001,INC-0004
STU-00174,Vanessa Cline,F,SCH-0009,PED-0005,INC-0003
STU-00175,Aaron Lee,M,SCH-0004,PED-0001,INC-0004
STU-00176,Emily Hall,M,SCH-0001,PED-0004,INC-0002
STU-00177,Daniel Pace,F,SCH-0001,PED-0004,INC-0001
STU-00178,Amber Bryant,M,SCH-0008,PED-0001,INC-0005
STU-00179,Christopher Holland,F,SCH-0005,PED-0001,INC-0002
STU-00180,Lindsay Brady,M,SCH-0001,PED-0001,INC-0005
STU-00181,Richard Dominguez,M,SCH-0010,PED-0004,INC-0004
STU-00182,Adam Tate,M,SCH-0005,PED-0004,INC-0001
STU-00183,Mark Thomas,M,SCH-0002,PED-0003,INC-0002
STU-00184,Michele Harris,M,SCH-0004,PED-0002,INC-0004
STU-00185,Robert Kline,F,SCH-0004,PED-0005,INC-0003
STU-00186,Chloe Jones,F,SCH-0003,PED-0003,INC-0003
STU-00187,Aaron Morgan,F,SCH-0005,PED-0001,INC-0002
STU-00188,John Parker,F,SCH-0006,PED-0004,INC-0003
STU-00189,Taylor Ramos,F,SCH-0001,PED-0003,INC-0003
STU-00190,Devon Bond,M,SCH-0002,PED-0005,INC-0004
STU-00191,Jessica Reyes,F,SCH-0006,PED-0002,INC-0005
STU-00192,Wendy Daniel,F,SCH-0007,PED-0005,INC-0004
STU-00193,Seth Davis,F,SCH-0005,PED-0005,INC-0004
STU-00194,Tabitha Sullivan,M,SCH-0007,PED-0005,INC-0001
STU-00195,William Robinson,M,SCH-0002,PED-0004,INC-0001
STU-00196,Nathan Elliott,F,SCH-0003,PED-0004,INC-0002
STU-00197,Mary Schultz,M,SCH-0009,PED-0002,INC-0001
STU-00198,Andrea Thompson,F,SCH-0001,PED-0003,INC-0005
STU-00199,Nathan Horne,F,SCH-0004,PED-0004,INC-0002
STU-00200,Maria Saunders,M,SCH-0007,PED-0005,INC-0003
STU-00201,John Walker,M,SCH-0008,PED-0001,INC-0003
STU-00202,Christian Miller,M,SCH-0006,PED-0004,INC-0004
STU-00203,Johnny Avila,M,SCH-0010,PED-0001,INC-0004
STU-00204,Derrick Ramirez,M,SCH-0003,PED-0004,INC-0002
STU-00205,William Christian,M,SCH-0001,PED-0003,INC-0002
STU-00206,William Fischer,M,SCH-0005,PED-0001,INC-0004
STU-00207,David Morgan,M,SCH-0002,PED-0005,INC-0004
STU-00208,Sarah Mendoza,F,SCH-0010,PED-0002,INC-0002
STU-00209,Jason Lewis,M,SCH-0009,PED-0002,INC-0005
STU-00210,Austin Beasley,F,SCH-0003,PED-0001,INC-0001
STU-00211,Shelby Coleman,F,SCH-0010,PED-0005,INC-0001
STU-00212,Mia Reyes,F,SCH-0001,PED-0005,INC-0003
STU-00213,Rhonda Garrett,M,SCH-0006,PED-0003,INC-0002
STU-00214,Leslie Church,F,SCH-0001,PED-0003,INC-0002
STU-00215,Zachary Oneill,F,SCH-0003,PED-0001,INC-0005
STU-00216,Laura Norris,F,SCH-0004,PED-0003,INC-0001
STU-00217,Charles Riddle,F,SCH-0010,PED-0001,INC-0005
STU-00218,Donald Hall,F,SCH-0008,PED-0004,INC-0005
STU-00219,Mr. Jacob Smith,M,SCH-0009,PED-0005,INC-0001
STU-00220,Gregory James,M,SCH-0009,PED-0004,INC-0001
STU-00221,Angela Bennett,F,SCH-0010,PED-0002,INC-0005
STU-00222,Adrian Johnson,F,SCH-0010,PED-0001,INC-0004
STU-00223,Jeffrey Gutierrez,F,SCH-0010,PED-0002,INC-0004
STU-00224,Alyssa Hull,F,SCH-0007,PED-0005,INC-0003
STU-00225,Dominique Lyons,M,SCH-0005,PED-0003,INC-0001
STU-00226,Adam Vasquez,M,SCH-0005,PED-0001,INC-0002
STU-00227,Kathleen Johnson,F,SCH-0005,PED-0001,INC-0005
STU-00228,Miss Andrea Davis,F,SCH-0004,PED-0005,INC-0004
STU-00229,Todd Lopez,F,SCH-0002,PED-0003,INC-0004
STU-00230,Jamie Cole,M,SCH-0004,PED-0003,INC-0001
STU-00231,Paul Spears,M,SCH-0005,PED-0001,INC-0005
STU-00232,Debra Taylor,M,SCH-0001,PED-0005,INC-0003
STU-00233,Alice Stevenson,F,SCH-0003,PED-0003,INC-0002
STU-00234,Jessica Davis,M,SCH-0002,PED-0002,INC-0004
STU-00235,Kelsey Russell,M,SCH-0003,PED-0001,INC-0002
STU-00236,Brian Walls,F,SCH-0010,PED-0003,INC-0002
STU-00237,Courtney Rogers,F,SCH-0003,PED-0003,INC-0003
STU-00238,Jonathan Maxwell,F,SCH-0007,PED-0001,INC-0002
STU-00239,Donald Conway,M,SCH-0006,PED-0005,INC-0001
STU-00240,Linda Miller,F,SCH-0006,PED-0004,INC-0003
STU-00241,Kevin Franklin,M,SCH-0004,PED-0003,INC-0005
STU-00242,Gregory Powell,F,SCH-0004,PED-0001,INC-0002
STU-00243,Deborah Simmons,F,SCH-0009,PED-0002,INC-0003
STU-00244,Melissa Velazquez,F,SCH-0007,PED-0003,INC-0001
STU-00245,Caroline Mays,F,SCH-0005,PED-0005,INC-0001
STU-00246,Jeremiah Mccoy,M,SCH-0003,PED-0002,INC-0002
STU-00247,Ryan Sanchez,M,SCH-0006,PED-0003,INC-0002
STU-00248,Jennifer Smith,M,SCH-0003,PED-0005,INC-0005
STU-00249,Carrie Ruiz,F,SCH-0010,PED-0005,INC-0001
STU-00250,William Martinez,M,SCH-0002,PED-0002,INC-0005
STU-00251,Aaron Miller,M,SCH-0002,PED-0005,INC-0003
STU-00252,Rachel Henry,M,SCH-0006,PED-0004,INC-0003
STU-00253,Sierra Giles,M,SCH-0010,PED-0005,INC-0002
STU-00254,Christopher Maxwell,F,SCH-0010,PED-0002,INC-0005
STU-00255,Matthew Warren,M,SCH-0009,PED-0001,INC-0004
STU-00256,Kevin Foster,M,SCH-0006,PED-0005,INC-0004
STU-00257,Brian Mcbride,F,SCH-0006,PED-0004,INC-0001
STU-00258,Don Johnson,M,SCH-0002,PED-0003,INC-0004
STU-00259,Amanda Harper,F,SCH-0007,PED-0002,INC-0002
STU-00260,Brianna Chen,F,SCH-0007,PED-0002,INC-0002
STU-00261,John Sanchez,F,SCH-0003,PED-0001,INC-0001
STU-00262,Andrea Cruz,M,SCH-0006,PED-0002,INC-0004
STU-00263,Robert Lopez,M,SCH-0010,PED-0004,INC-0005
STU-00264,Ernest Norman,M,SCH-0002,PED-0002,INC-0005
STU-00265,Shelly Burns,M,SCH-0007,PED-0004,INC-0005
STU-00266,Michael Campbell,F,SCH-0005,PED-0003,INC-0002
STU-00267,Bethany Silva,F,SCH-0005,PED-0002,INC-0004
STU-00268,Melissa Williams,M,SCH-0008,PED-0001,INC-0003
STU-00269,Michelle Baird,F,SCH-0010,PED-0005,INC-0005
STU-00270,Warren Smith,F,SCH-0009,PED-0003,INC-0004
STU-00271,Sean Campos,M,SCH-0009,PED-0004,INC-0002
STU-00272,Hector Patterson,F,SCH-0001,PED-0005,INC-0004
STU-00273,Wesley Clark,M,SCH-0003,PED-0003,INC-0003
STU-00274,Jamie Calhoun,F,SCH-0010,PED-0003,INC-0003
STU-00275,Michelle Martin,M,SCH-0002,PED-0003,INC-0001
STU-00276,Richard Griffin,F,SCH-0008,PED-0003,INC-0002
STU-00277,Danielle Tyler,F,SCH-0008,PED-0004,INC-0004
STU-00278,Edward Mccoy,F,SCH-0001,PED-0001,INC-0005
STU-00279,Trevor Hall,F,SCH-0008,PED-0002,INC-0004
STU-00280,Gabriel Bradford,M,SCH-0005,PED-0002,INC-0003
STU-00281,Summer Dunn,F,SCH-0003,PED-0002,INC-0001
STU-00282,Tyler Fuller,M,SCH-0010,PED-0005,INC-0003
STU-00283,Jason Kelley,F,SCH-0007,PED-0002,INC-0002
STU-00284,Kathryn Miller,M,SCH-0001,PED-0001,INC-0002
STU-00285,Alexander Huffman,M,SCH-0001,PED-0003,INC-0005
STU-00286,Kayla Johnson,F,SCH-0010,PED-0004,INC-0003
STU-00287,Sheila Riddle,F,SCH-0004,PED-0002,INC-0004
STU-00288,Anna Davis,M,SCH-0005,PED-0004,INC-0002
STU-00289,Brandi Sherman MD,M,SCH-0010,PED-0005,INC-0001
STU-00290,Andrew Brown,F,SCH-0006,PED-0002,INC-0005
STU-00291,Mary Smith,M,SCH-0003,PED-0001,INC-0004
STU-00292,Stephanie Smith,F,SCH-0006,PED-0004,INC-0004
STU-00293,Jennifer Martinez,M,SCH-0004,PED-0001,INC-0001
STU-00294,Charles Torres,M,SCH-0004,PED-0003,INC-0004
STU-00295,Emily Vargas,M,SCH-0001,PED-0005,INC-0005
STU-00296,Patricia Flores,F,SCH-0008,PED-0005,INC-0003
STU-00297,Adam Gonzalez,F,SCH-0010,PED-0005,INC-0002
STU-00298,Timothy Harris,M,SCH-0008,PED-0001,INC-0005
STU-00299,Sharon Medina,F,SCH-0006,PED-0001,INC-0005
STU-00300,Michael Garcia,F,SCH-0010,PED-0003,INC-0002
STU-00301,Taylor Deleon,M,SCH-0001,PED-0004,INC-0004
STU-00302,Paul Odonnell,M,SCH-0009,PED-0005,INC-0003
STU-00303,Gina Buck,F,SCH-0009,PED-0003,INC-0002
STU-00304,Joseph Martin,M,SCH-0001,PED-0004,INC-0005
STU-00305,Jeremy Munoz,M,SCH-0005,PED-0003,INC-0001
STU-00306,Maria Khan MD,F,SCH-0005,PED-0004,INC-0001
STU-00307,Sarah Baldwin,F,SCH-0004,PED-0004,INC-0005
STU-00308,Todd Payne,M,SCH-0010,PED-0004,INC-0001
STU-00309,Gregory Garcia,F,SCH-0001,PED-0003,INC-0005
STU-00310,Benjamin Gardner,M,SCH-0007,PED-0001,INC-0001
STU-00311,Edward Hernandez,M,SCH-0002,PED-0004,INC-0002
STU-00312,Christopher Reed,M,SCH-0006,PED-0002,INC-0002
STU-00313,Rhonda Johnson,F,SCH-0008,PED-0001,INC-0002
STU-00314,Laura Mcintosh,F,SCH-0008,PED-0003,INC-0004
STU-00315,Martha Johnson,F,SCH-0010,PED-0002,INC-0004
STU-00316,Karen Jackson MD,M,SCH-0008,PED-0002,INC-0004
STU-00317,Carl Choi,M,SCH-0008,PED-0004,INC-0001
STU-00318,Peter Mack,M,SCH-0003,PED-0002,INC-0003
STU-00319,Shelley Morris,F,SCH-0005,PED-0002,INC-0001
STU-00320,Kyle Clark,M,SCH-0010,PED-0004,INC-0005
STU-00321,Jeremy Craig,M,SCH-0004,PED-0001,INC-0004
STU-00322,Elizabeth Freeman,M,SCH-0009,PED-0002,INC-0004
STU-00323,Brian Yates,M,SCH-0010,PED-0004,INC-0002
STU-00324,Norma Torres,F,SCH-0005,PED-0002,INC-0002
STU-00325,Michael Scott,F,SCH-0001,PED-0002,INC-0001
STU-00326,William Jordan,F,SCH-0002,PED-0002,INC-0002
STU-00327,Tyler Barrera,M,SCH-0002,PED-0002,INC-0003
STU-00328,Eric Ho,F,SCH-0005,PED-0005,INC-0003
STU-00329,Crystal Booker,M,SCH-0009,PED-0001,INC-0005
STU-00330,Natasha Carter,M,SCH-0006,PED-0002,INC-0005
STU-00331,Tiffany Wilkerson,F,SCH-0009,PED-0001,INC-0003
STU-00332,David Crawford,F,SCH-0003,PED-0002,INC-0001
STU-00333,Tracy Smith,M,SCH-0007,PED-0002,INC-0001
STU-00334,Mr. Jay Taylor,F,SCH-0008,PED-0002,INC-0005
STU-00335,Nathan Robinson,M,SCH-0009,PED-0001,INC-0005
STU-00336,Dennis Clark,F,SCH-0003,PED-0003,INC-0003
STU-00337,Richard Mendoza,F,SCH-0003,PED-0005,INC-0001
STU-00338,Cassandra Davidson,M,SCH-0004,PED-0004,INC-0001
STU-00339,Lauren Lewis,M,SCH-0005,PED-0003,INC-0004
STU-00340,Thomas Everett,F,SCH-0003,PED-0003,INC-0001
STU-00341,Jason Taylor,M,SCH-0008,PED-0001,INC-0004
STU-00342,Joyce Jones,M,SCH-0003,PED-0003,INC-0001
STU-00343,Michael Perkins MD,M,SCH-0009,PED-0003,INC-0002
STU-00344,Sherri Park,F,SCH-0007,PED-0002,INC-0001
STU-00345,Heidi Diaz,F,SCH-0007,PED-0005,INC-0004
STU-00346,Michael Ellis,M,SCH-0002,PED-0005,INC-0004
STU-00347,Sarah Stone,M,SCH-0009,PED-0001,INC-0001
STU-00348,David Harris,F,SCH-0005,PED-0005,INC-0002
STU-00349,Paul Malone,M,SCH-0009,PED-0003,INC-0004
STU-00350,Matthew Gonzalez,F,SCH-0008,PED-0003,INC-0005
STU-00351,Joanna Thomas,M,SCH-0001,PED-0005,INC-0005
STU-00352,Stephanie Butler,F,SCH-0007,PED-0002,INC-0004
STU-00353,Kevin Burton,M,SCH-0001,PED-0001,INC-0004
STU-00354,Lauren Bell,M,SCH-0001,PED-0002,INC-0004
STU-00355,Bridget Velasquez,F,SCH-0002,PED-0005,INC-0004
STU-00356,Michael Farmer,M,SCH-0002,PED-0001,INC-0004
STU-00357,Julie Carrillo,F,SCH-0005,PED-0003,INC-0001
STU-00358,Joshua Morrison,F,SCH-0004,PED-0001,INC-0001
STU-00359,Michelle Wright,F,SCH-0003,PED-0004,INC-0003
STU-00360,Breanna Ramirez,M,SCH-0008,PED-0005,INC-0003
STU-00361,Jason Hernandez,M,SCH-0006,PED-0001,INC-0004
STU-00362,Elizabeth Delgado,M,SCH-0008,PED-0003,INC-0004
STU-00363,Tyler Martin,M,SCH-0006,PED-0004,INC-0002
STU-00364,Jose Dominguez,M,SCH-0009,PED-0004,INC-0001
STU-00365,Amanda Strong,M,SCH-0006,PED-0001,INC-0002
STU-00366,David Woods,M,SCH-0006,PED-0001,INC-0004
STU-00367,Elizabeth Carr,F,SCH-0009,PED-0001,INC-0001
STU-00368,James Robertson,M,SCH-0010,PED-0001,INC-0003
STU-00369,Ellen May,M,SCH-0009,PED-0004,INC-0003
STU-00370,Tonya Shaw,F,SCH-0009,PED-0003,INC-0005
STU-00371,Brandon Escobar,M,SCH-0010,PED-0005,INC-0002
STU-00372,Anthony Copeland,F,SCH-0010,PED-0003,INC-0003
STU-00373,Grace Coleman,M,SCH-0007,PED-0005,INC-0001
STU-00374,Paul Tucker,M,SCH-0009,PED-0004,INC-0004
STU-00375,John Hawkins,F,SCH-0007,PED-0005,INC-0004
STU-00376,Cindy Brown,M,SCH-0001,PED-0003,INC-0005
STU-00377,James Harrison,M,SCH-0006,PED-0004,INC-0001
STU-00378,Jimmy Morse,F,SCH-0001,PED-0002,INC-0001
STU-00379,Lindsey Howard,M,SCH-0003,PED-0004,INC-0001
STU-00380,Cristina Scott,M,SCH-0002,PED-0005,INC-0004
STU-00381,Marcus Johnson,F,SCH-0008,PED-0001,INC-0002
STU-00382,Jared Miller,M,SCH-0003,PED-0005,INC-0003
STU-00383,Ronald Pope,M,SCH-0007,PED-0004,INC-0003
STU-00384,Jeffrey Faulkner,M,SCH-0007,PED-0004,INC-0005
STU-00385,Kathleen Perez,F,SCH-0010,PED-0001,INC-0004
STU-00386,Alan Thompson,F,SCH-0005,PED-0001,INC-0002
STU-00387,Jennifer Ward,M,SCH-0003,PED-0003,INC-0004
STU-00388,Tara Dixon,F,SCH-0008,PED-0002,INC-0002
STU-00389,Mr. Christopher Bailey DVM,M,SCH-0002,PED-0002,INC-0003
STU-00390,Dean Miller,M,SCH-0007,PED-0003,INC-0005
STU-00391,Nichole Carroll,F,SCH-0006,PED-0001,INC-0005
STU-00392,Jessica Richardson,M,SCH-0003,PED-0004,INC-0005
STU-00393,Kathy Willis,M,SCH-0002,PED-0003,INC-0005
STU-00394,Paula Foster,M,SCH-0002,PED-0005,INC-0003
STU-00395,Monica Simpson,F,SCH-0002,PED-0001,INC-0004
STU-00396,Jon Murphy,M,SCH-0005,PED-0005,INC-0004
STU-00397,Adam Powell,F,SCH-0001,PED-0003,INC-0001
STU-00398,Mr. Craig Mccarthy,F,SCH-0008,PED-0004,INC-0005
STU-00399,Jamie Williams,M,SCH-0008,PED-0005,INC-0005
STU-00400,Kayla Nelson,F,SCH-0010,PED-0005,INC-0003
STU-00401,Ariel Stevens,F,SCH-0010,PED-0005,INC-0003
STU-00402,David Mann,M,SCH-0006,PED-0003,INC-0005
STU-00403,Nathan Pearson,M,SCH-0005,PED-0001,INC-0001
STU-00404,Tamara Cuevas,F,SCH-0002,PED-0001,INC-0004
STU-00405,Lauren Gonzales,F,SCH-0007,PED-0004,INC-0003
STU-00406,Emily White,M,SCH-0004,PED-0005,INC-0004
STU-00407,Monique Wade,F,SCH-0008,PED-0004,INC-0002
STU-00408,Pamela Turner,F,SCH-0005,PED-0005,INC-0002
STU-00409,Walter Knight,F,SCH-0010,PED-0004,INC-0002
STU-00410,James Rodriguez,M,SCH-0006,PED-0004,INC-0001
STU-00411,Michael Wagner,F,SCH-0002,PED-0003,INC-0004
STU-00412,Amanda Nelson,M,SCH-0010,PED-0005,INC-0004
STU-00413,Kathleen Rodriguez,M,SCH-0001,PED-0002,INC-0003
STU-00414,Daniel Williams,F,SCH-0005,PED-0003,INC-0002
STU-00415,Kyle Wu,M,SCH-0004,PED-0005,INC-0001
STU-00416,Amanda Ramos,F,SCH-0009,PED-0002,INC-0003
STU-00417,Sharon Perez,F,SCH-0002,PED-0004,INC-0001
STU-00418,Kimberly Carroll,M,SCH-0010,PED-0005,INC-0004
STU-00419,Nathaniel Brown,M,SCH-0008,PED-0004,INC-0002
STU-00420,Ralph Kemp,F,SCH-0002,PED-0005,INC-0003
STU-00421,Darlene Mccormick,F,SCH-0006,PED-0002,INC-0004
STU-00422,Wendy Walker,M,SCH-0009,PED-0004,INC-0005
STU-00423,Brian Watts,F,SCH-0001,PED-0005,INC-0003
STU-00424,Christopher Butler,M,SCH-0004,PED-0005,INC-0005
STU-00425,Jorge Adams,F,SCH-0001,PED-0005,INC-0003
STU-00426,Gary Schultz,F,SCH-0004,PED-0002,INC-0004
STU-00427,Jessica Collins,F,SCH-0005,PED-0002,INC-0005
STU-00428,Mary Gomez,F,SCH-0006,PED-0004,INC-0004
STU-00429,Gregory Stephens,F,SCH-0004,PED-0004,INC-0004
STU-00430,Antonio Cervantes,F,SCH-0009,PED-0003,INC-0004
STU-00431,Kim Norton,F,SCH-0005,PED-0005,INC-0005
STU-00432,Heather Wilson,M,SCH-0008,PED-0001,INC-0003
STU-00433,Eric Moore,F,SCH-0008,PED-0003,INC-0002
STU-00434,Mary Williams,M,SCH-0003,PED-0004,INC-0003
STU-00435,Erica Arellano,M,SCH-0007,PED-0004,INC-0004
STU-00436,Ronald Harmon,M,SCH-0008,PED-0003,INC-0002
STU-00437,Sara Suarez,M,SCH-0002,PED-0005,INC-0002
STU-00438,Samantha Taylor,M,SCH-0001,PED-0005,INC-0002
STU-00439,James Griffith,M,SCH-0010,PED-0004,INC-0003
STU-00440,Julie Goodman,F,SCH-0009,PED-0004,INC-0004
STU-00441,Steven Luna,M,SCH-0003,PED-0001,INC-0004
STU-00442,Vincent Cooper,M,SCH-0002,PED-0003,INC-0002
STU-00443,Nicholas Wright,F,SCH-0009,PED-0002,INC-0003
STU-00444,Samantha Alvarez,M,SCH-0009,PED-0004,INC-0005
STU-00445,Victor Anderson,F,SCH-0007,PED-0001,INC-0005
STU-00446,Tara Moyer,M,SCH-0006,PED-0004,INC-0001
STU-00447,Danny Price,M,SCH-0003,PED-0002,INC-0002
STU-00448,Mrs. Jenna Walls,M,SCH-0002,PED-0003,INC-0003
STU-00449,Brianna Winters,F,SCH-0002,PED-0001,INC-0003
STU-00450,Mike Rogers Jr.,F,SCH-0010,PED-0004,INC-0005
STU-00451,Kyle Martin,F,SCH-0004,PED-0004,INC-0005
STU-00452,Brittany Walker,M,SCH-0001,PED-0005,INC-0004
STU-00453,Nancy Carter,F,SCH-0001,PED-0002,INC-0002
STU-00454,William Thomas,F,SCH-0007,PED-0003,INC-0005
STU-00455,Laura Padilla,F,SCH-0006,PED-0004,INC-0001
STU-00456,Kathleen Beard,M,SCH-0004,PED-0004,INC-0003
STU-00457,Jennifer Chapman,M,SCH-0001,PED-0003,INC-0004
STU-00458,Julia Cohen,M,SCH-0010,PED-0001,INC-0003
STU-00459,Timothy Bean,M,SCH-0010,PED-0003,INC-0005
STU-00460,Teresa Schultz,M,SCH-0002,PED-0003,INC-0003
STU-00461,Kathleen Day,F,SCH-0002,PED-0003,INC-0004
STU-00462,Randall Thompson,M,SCH-0009,PED-0004,INC-0002
STU-00463,Charles Holt,M,SCH-0001,PED-0002,INC-0001
STU-00464,Shelley White,F,SCH-0007,PED-0001,INC-0004
STU-00465,Mariah Weber,M,SCH-0007,PED-0005,INC-0005
STU-00466,Kayla Townsend,F,SCH-0003,PED-0004,INC-0001
STU-00467,Dana Robinson,M,SCH-0001,PED-0005,INC-0002
STU-00468,John Hale,M,SCH-0008,PED-0005,INC-0004
STU-00469,Thomas Johnson,F,SCH-0006,PED-0001,INC-0002
STU-00470,Candice Donaldson,M,SCH-0002,PED-0005,INC-0005
STU-00471,Lauren Christensen,M,SCH-0008,PED-0004,INC-0005
STU-00472,Kevin Richards,M,SCH-0010,PED-0005,INC-0002
STU-00473,Mario Leach,F,SCH-0003,PED-0005,INC-0002
STU-00474,Michael Jones,M,SCH-0008,PED-0005,INC-0003
STU-00475,Kelsey Washington,M,SCH-0001,PED-0004,INC-0003
STU-00476,Kristen Nelson,M,SCH-0002,PED-0003,INC-0005
STU-00477,Shannon Young,M,SCH-0003,PED-0004,INC-0003
STU-00478,Christina Oconnell,M,SCH-0008,PED-0005,INC-0004
STU-00479,Ryan Roberts,M,SCH-0009,PED-0005,INC-0002
STU-00480,Jason Nelson,F,SCH-0004,PED-0003,INC-0005
STU-00481,Jeremy Ewing,F,SCH-0002,PED-0004,INC-0001
STU-00482,Fred Smith,M,SCH-0009,PED-0004,INC-0002
STU-00483,Donald West,M,SCH-0010,PED-0004,INC-0004
STU-00484,Mary Walls,F,SCH-0002,PED-0005,INC-0003
STU-00485,Debra Ruiz,F,SCH-0009,PED-0001,INC-0004
STU-00486,Kathryn Oliver,F,SCH-0001,PED-0005,INC-0004
STU-00487,Dana Barton,M,SCH-0003,PED-0002,INC-0002
STU-00488,Lauren Christensen,F,SCH-0004,PED-0003,INC-0003
STU-00489,Alexander Keller,M,SCH-0008,PED-0002,INC-0005
STU-00490,Danielle Gibson,F,SCH-0006,PED-0002,INC-0002
STU-00491,Katherine Smith,M,SCH-0002,PED-0001,INC-0002
STU-00492,Brenda Ortiz,M,SCH-0001,PED-0003,INC-0003
STU-00493,Karen Young,M,SCH-0006,PED-0003,INC-0002
STU-00494,Bruce Garcia,F,SCH-0010,PED-0002,INC-0003
STU-00495,Mr. Roy Murphy,M,SCH-0004,PED-0004,INC-0003
STU-00496,Stephanie Beltran,F,SCH-0010,PED-0002,INC-0002
STU-00497,Mary Taylor,M,SCH-0010,PED-0001,INC-0002
STU-00498,Ricky Byrd,M,SCH-0009,PED-0001,INC-0002
STU-00499,Sarah Downs,F,SCH-0010,PED-0003,INC-0005
STU-00500,Jack Todd,M,SCH-0008,PED-0003,INC-0004
STU-00501,Ashley Wilson,F,SCH-0010,PED-0001,INC-0003
STU-00502,Kathleen Neal,F,SCH-0008,PED-0004,INC-0003
STU-00503,Andrew Owens,M,SCH-0005,PED-0001,INC-0002
STU-00504,Amanda Yates,F,SCH-0008,PED-0001,INC-0005
STU-00505,Megan Peterson,M,SCH-0001,PED-0004,INC-0005
STU-00506,Kim Scott,M,SCH-0008,PED-0001,INC-0004
STU-00507,Marcia Howell,F,SCH-0007,PED-0005,INC-0005
STU-00508,Teresa Powell,M,SCH-0005,PED-0002,INC-0005
STU-00509,Bruce Harris,M,SCH-0005,PED-0004,INC-0004
STU-00510,Mary Moore,F,SCH-0001,PED-0001,INC-0003
STU-00511,Megan Robinson,F,SCH-0006,PED-0001,INC-0004
STU-00512,Zachary Gonzalez,F,SCH-0002,PED-0001,INC-0002
STU-00513,Mary Lopez,F,SCH-0004,PED-0005,INC-0001
STU-00514,Patrick Obrien,M,SCH-0007,PED-0002,INC-0004
STU-00515,Brenda Sparks,M,SCH-0007,PED-0001,INC-0002
STU-00516,William Holder,M,SCH-0010,PED-0001,INC-0005
STU-00517,Melissa Gordon,M,SCH-0004,PED-0002,INC-0003
STU-00518,Victor Nelson,F,SCH-0008,PED-0005,INC-0002
STU-00519,Anne Fields,M,SCH-0003,PED-0004,INC-0005
STU-00520,Alexander Perry,M,SCH-0009,PED-0001,INC-0004
STU-00521,Cory Johnson,M,SCH-0007,PED-0001,INC-0004
STU-00522,Richard Hall,M,SCH-0007,PED-0003,INC-0002
STU-00523,Casey Berry,F,SCH-0005,PED-0005,INC-0005
STU-00524,Evan Hall,F,SCH-0009,PED-0001,INC-0003
STU-00525,Jeffrey Thornton,F,SCH-0009,PED-0004,INC-0004
STU-00526,Wendy Jefferson,F,SCH-0005,PED-0003,INC-0001
STU-00527,Jennifer Henry,F,SCH-0002,PED-0005,INC-0004
STU-00528,Nathan Osborn,F,SCH-0003,PED-0003,INC-0005
STU-00529,Renee Haas,F,SCH-0005,PED-0001,INC-0004
STU-00530,Mark White MD,M,SCH-0008,PED-0003,INC-0001
STU-00531,Calvin Anderson,M,SCH-0009,PED-0004,INC-0001
STU-00532,Adrienne Pena,M,SCH-0006,PED-0002,INC-0002
STU-00533,Patrick Mitchell,F,SCH-0008,PED-0005,INC-0002
STU-00534,Nathan Brown,M,SCH-0004,PED-0005,INC-0002
STU-00535,Cynthia Fritz,F,SCH-0004,PED-0004,INC-0004
STU-00536,Lisa Gonzalez,F,SCH-0003,PED-0003,INC-0003
STU-00537,Rebecca Ramirez,F,SCH-0010,PED-0002,INC-0003
STU-00538,Melissa Baker,F,SCH-0006,PED-0001,INC-0003
STU-00539,Joseph Hernandez,M,SCH-0002,PED-0003,INC-0004
STU-00540,Jody Olson,M,SCH-0007,PED-0005,INC-0003
STU-00541,Grace Ferguson,F,SCH-0007,PED-0005,INC-0003
STU-00542,Katherine Velasquez,F,SCH-0002,PED-0005,INC-0001
STU-00543,Vanessa Hurst,M,SCH-0005,PED-0005,INC-0001
STU-00544,Edward Patterson,M,SCH-0005,PED-0002,INC-0005
STU-00545,Jennifer Scott,F,SCH-0006,PED-0005,INC-0001
STU-00546,Laurie Moore,M,SCH-0001,PED-0002,INC-0004
STU-00547,Robert Richardson,F,SCH-0006,PED-0005,INC-0003
STU-00548,Erica Padilla,M,SCH-0003,PED-0004,INC-0005
STU-00549,Robert Martinez,F,SCH-0004,PED-0001,INC-0002
STU-00550,Tonya Franklin,F,SCH-0001,PED-0004,INC-0004
STU-00551,Madeline Wyatt,M,SCH-0009,PED-0005,INC-0004
STU-00552,Andrew Park,M,SCH-0001,PED-0002,INC-0004
STU-00553,Andrew Farley MD,F,SCH-0010,PED-0003,INC-0001
STU-00554,Edwin Mitchell,M,SCH-0010,PED-0002,INC-0001
STU-00555,Christine Mcguire,F,SCH-0006,PED-0001,INC-0001
STU-00556,Tiffany Hernandez,F,SCH-0005,PED-0002,INC-0002
STU-00557,Danielle Johnson,M,SCH-0008,PED-0003,INC-0005
STU-00558,Alyssa Day,F,SCH-0003,PED-0003,INC-0005
STU-00559,Kyle Thompson,M,SCH-0002,PED-0001,INC-0001
STU-00560,Christina Cohen,M,SCH-0001,PED-0001,INC-0001
STU-00561,Jonathan Kelly,F,SCH-0004,PED-0003,INC-0002
STU-00562,Jason Ortiz,F,SCH-0004,PED-0001,INC-0003
STU-00563,Samantha Lewis,M,SCH-0004,PED-0001,INC-0005
STU-00564,Zachary Flores,F,SCH-0001,PED-0005,INC-0004
STU-00565,Donald Gilbert,F,SCH-0005,PED-0003,INC-0003
STU-00566,Alexandra Carpenter,M,SCH-0003,PED-0005,INC-0005
STU-00567,Patrick Martin,F,SCH-0008,PED-0003,INC-0002
STU-00568,Lee Johnson,M,SCH-0005,PED-0005,INC-0005
STU-00569,Kristin Haney,F,SCH-0004,PED-0001,INC-0003
STU-00570,Bonnie Adams,F,SCH-0002,PED-0002,INC-0004
STU-00571,Derrick Rogers,F,SCH-0005,PED-0001,INC-0003
STU-00572,Jeffrey Miller,M,SCH-0006,PED-0003,INC-0003
STU-00573,Michael Ayala,M,SCH-0001,PED-0004,INC-0001
STU-00574,Brian Henry,M,SCH-0003,PED-0002,INC-0005
STU-00575,Matthew Simon,F,SCH-0008,PED-0001,INC-0001
STU-00576,Douglas Edwards,M,SCH-0004,PED-0004,INC-0002
STU-00577,Mark Morris,F,SCH-0006,PED-0001,INC-0002
STU-00578,Cassandra Harvey,F,SCH-0006,PED-0002,INC-0005
STU-00579,William Moreno,M,SCH-0005,PED-0005,INC-0001
STU-00580,Marie Johnson,M,SCH-0004,PED-0005,INC-0001
STU-00581,Todd Ward,F,SCH-0007,PED-0004,INC-0001
STU-00582,Karen Mann,F,SCH-0008,PED-0003,INC-0003
STU-00583,Frederick Simmons,M,SCH-0010,PED-0003,INC-0001
STU-00584,Mr. Andrew Smith,F,SCH-0002,PED-0002,INC-0003
STU-00585,Jason Meyer,M,SCH-0007,PED-0001,INC-0001
STU-00586,Lawrence Black,F,SCH-0006,PED-0005,INC-0005
STU-00587,Erik Perez,F,SCH-0010,PED-0004,INC-0001
STU-00588,Christina Nelson,M,SCH-0006,PED-0002,INC-0005
STU-00589,Aaron Collins,M,SCH-0010,PED-0005,INC-0004
STU-00590,Madison Garcia,F,SCH-0009,PED-0001,INC-0003
STU-00591,Courtney Byrd,M,SCH-0002,PED-0001,INC-0004
STU-00592,Tyler Horton,F,SCH-0001,PED-0003,INC-0005
STU-00593,Rebecca Potts,M,SCH-0005,PED-0004,INC-0002
STU-00594,John Cross,F,SCH-0009,PED-0003,INC-0005
STU-00595,Marcus Webster,M,SCH-0007,PED-0001,INC-0002
STU-00596,Michael Hancock,M,SCH-0009,PED-0004,INC-0004
STU-00597,Amanda Guzman,M,SCH-0007,PED-0004,INC-0002
STU-00598,Darlene Shepherd,M,SCH-0004,PED-0002,INC-0002
STU-00599,Michelle Garcia,F,SCH-0001,PED-0005,INC-0003
STU-00600,Lisa Wilson,M,SCH-0009,PED-0005,INC-0003
STU-00601,Brett Clark,M,SCH-0001,PED-0001,INC-0005
STU-00602,Cory Jarvis,M,SCH-0004,PED-0004,INC-0004
STU-00603,Elizabeth Callahan,F,SCH-0008,PED-0005,INC-0002
STU-00604,Heather Cuevas,M,SCH-0006,PED-0005,INC-0001
STU-00605,Scott Velez,F,SCH-0009,PED-0004,INC-0003
STU-00606,Joseph Whitehead,M,SCH-0008,PED-0001,INC-0004
STU-00607,Dean Zimmerman,F,SCH-0008,PED-0001,INC-0002
STU-00608,Jessica Harmon DDS,F,SCH-0009,PED-0002,INC-0005
STU-00609,Mario Fernandez,F,SCH-0009,PED-0003,INC-0001
STU-00610,Robert Taylor,M,SCH-0008,PED-0005,INC-0003
STU-00611,Andrew Rodriguez,F,SCH-0010,PED-0001,INC-0003
STU-00612,Pedro Rodriguez,M,SCH-0009,PED-0003,INC-0001
STU-00613,Lisa Dunn,F,SCH-0010,PED-0003,INC-0002
STU-00614,Kevin Brown,F,SCH-0009,PED-0004,INC-0005
STU-00615,Linda Campbell,M,SCH-0005,PED-0001,INC-0005
STU-00616,Eric Day,F,SCH-0010,PED-0001,INC-0003
STU-00617,Jill Rowe,F,SCH-0001,PED-0005,INC-0003
STU-00618,Thomas Burgess,F,SCH-0001,PED-0002,INC-0002
STU-00619,Joseph Dixon,M,SCH-0007,PED-0004,INC-0002
STU-00620,James Murillo PhD,F,SCH-0007,PED-0005,INC-0001
STU-00621,Joe Rogers,F,SCH-0010,PED-0005,INC-0001
STU-00622,Andrew Mccullough,F,SCH-0002,PED-0001,INC-0003
STU-00623,Denise Bonilla,M,SCH-0004,PED-0002,INC-0003
STU-00624,Darlene King,M,SCH-0004,PED-0003,INC-0002
STU-00625,Karen Keith,M,SCH-0001,PED-0005,INC-0003
STU-00626,Danny Williams,M,SCH-0007,PED-0003,INC-0003
STU-00627,Victoria Burns,M,SCH-0001,PED-0004,INC-0002
STU-00628,Amy King,F,SCH-0005,PED-0002,INC-0002
STU-00629,Gabriel Gay,M,SCH-0004,PED-0004,INC-0003
STU-00630,Sarah Cole,F,SCH-0007,PED-0001,INC-0001
STU-00631,Sarah Acosta,F,SCH-0001,PED-0001,INC-0004
STU-00632,Brooke Benson,F,SCH-0010,PED-0004,INC-0004
STU-00633,Anita Moore,M,SCH-0010,PED-0005,INC-0004
STU-00634,Jeffrey Fowler,F,SCH-0005,PED-0005,INC-0002
STU-00635,Sherri Hansen,F,SCH-0002,PED-0002,INC-0002
STU-00636,Daniel Myers,M,SCH-0006,PED-0001,INC-0003
STU-00637,Charles Calderon,M,SCH-0007,PED-0002,INC-0002
STU-00638,Emily Alexander,F,SCH-0005,PED-0001,INC-0003
STU-00639,Laura Deleon,F,SCH-0008,PED-0005,INC-0005
STU-00640,Deborah Barrett,F,SCH-0010,PED-0002,INC-0001
STU-00641,Laura Walters,M,SCH-0010,PED-0002,INC-0003
STU-00642,Rachel Watson,F,SCH-0009,PED-0005,INC-0005
STU-00643,Jennifer Rhodes,M,SCH-0006,PED-0002,INC-0002
STU-00644,Robin Turner,F,SCH-0001,PED-0002,INC-0004
STU-00645,Melanie Wagner,F,SCH-0007,PED-0003,INC-0005
STU-00646,Joe Ray,F,SCH-0001,PED-0003,INC-0005
STU-00647,Parker Farley,F,SCH-0002,PED-0002,INC-0002
STU-00648,Andrew Banks,M,SCH-0003,PED-0002,INC-0004
STU-00649,Luis Pace,M,SCH-0007,PED-0003,INC-0001
STU-00650,Pamela Anderson,M,SCH-0001,PED-0003,INC-0002
STU-00651,Andrew Mathews,F,SCH-0006,PED-0004,INC-0005
STU-00652,Nathan Clark,F,SCH-0004,PED-0004,INC-0004
STU-00653,Robert Massey,F,SCH-0004,PED-0004,INC-0001
STU-00654,Kristen Harvey,M,SCH-0003,PED-0004,INC-0003
STU-00655,Dominique Davis,M,SCH-0007,PED-0002,INC-0003
STU-00656,Mario Obrien,M,SCH-0005,PED-0003,INC-0001
STU-00657,Chase Butler,F,SCH-0008,PED-0005,INC-0004
STU-00658,George Johnson,F,SCH-0008,PED-0003,INC-0001
STU-00659,Andre Douglas,M,SCH-0001,PED-0004,INC-0005
STU-00660,Mr. Jacob Owen MD,M,SCH-0005,PED-0005,INC-0004
STU-00661,Diane Chandler,F,SCH-0004,PED-0005,INC-0004
STU-00662,Mary Macdonald,M,SCH-0006,PED-0001,INC-0005
STU-00663,Rebecca Roberts,F,SCH-0007,PED-0001,INC-0003
STU-00664,Patrick Arnold,F,SCH-0005,PED-0002,INC-0002
STU-00665,Courtney Whitney,M,SCH-0005,PED-0004,INC-0004
STU-00666,Tyler Hunt,M,SCH-0009,PED-0001,INC-0005
STU-00667,Sylvia Rodriguez,M,SCH-0008,PED-0004,INC-0004
STU-00668,Laura Morrison,F,SCH-0008,PED-0002,INC-0001
STU-00669,Sylvia Caldwell,M,SCH-0005,PED-0004,INC-0005
STU-00670,Tammy Faulkner,M,SCH-0001,PED-0002,INC-0005
STU-00671,Erin Brown,M,SCH-0010,PED-0005,INC-0001
STU-00672,Jeff Morse,F,SCH-0008,PED-0001,INC-0004
STU-00673,Rachel Smith,F,SCH-0002,PED-0002,INC-0004
STU-00674,Kyle Jones,F,SCH-0003,PED-0004,INC-0004
STU-00675,Christie Suarez,M,SCH-0003,PED-0002,INC-0003
STU-00676,Stephanie Smith,F,SCH-0003,PED-0003,INC-0004
STU-00677,Dorothy Crawford,M,SCH-0005,PED-0004,INC-0003
STU-00678,Kirk Davis,M,SCH-0008,PED-0005,INC-0003
STU-00679,Amanda Rodriguez,M,SCH-0001,PED-0001,INC-0004
STU-00680,Kenneth Simmons,F,SCH-0008,PED-0001,INC-0001
STU-00681,Jacqueline Jones,M,SCH-0006,PED-0001,INC-0005
STU-00682,Cory Best,M,SCH-0010,PED-0004,INC-0001
STU-00683,Deborah Nelson MD,F,SCH-0001,PED-0003,INC-0001
STU-00684,Christopher Smith,F,SCH-0008,PED-0004,INC-0005
STU-00685,Justin Stafford,M,SCH-0006,PED-0003,INC-0002
STU-00686,William Mcdonald,F,SCH-0001,PED-0001,INC-0002
STU-00687,Christina Duke,M,SCH-0001,PED-0003,INC-0004
STU-00688,Brett Nguyen,M,SCH-0004,PED-0003,INC-0001
STU-00689,Carol Thomas,F,SCH-0010,PED-0002,INC-0005
STU-00690,Laura Fernandez,F,SCH-0003,PED-0005,INC-0001
STU-00691,Thomas Adams,M,SCH-0003,PED-0002,INC-0001
STU-00692,Kelly Garcia,M,SCH-0007,PED-0003,INC-0001
STU-00693,Jacob Gardner,F,SCH-0010,PED-0005,INC-0005
STU-00694,Mary Patel,F,SCH-0003,PED-0005,INC-0003
STU-00695,Maureen Robles,F,SCH-0001,PED-0001,INC-0001
STU-00696,Brianna Davis,F,SCH-0002,PED-0003,INC-0001
STU-00697,Steven Morris,M,SCH-0007,PED-0003,INC-0001
STU-00698,Perry Wood,F,SCH-0005,PED-0004,INC-0003
STU-00699,Lucas Jennings,M,SCH-0010,PED-0002,INC-0001
STU-00700,Christopher Trevino,M,SCH-0010,PED-0003,INC-0002
STU-00701,Lauren Mann,F,SCH-0010,PED-0004,INC-0002
STU-00702,John Sanchez,F,SCH-0008,PED-0002,INC-0005
STU-00703,Seth Sims,M,SCH-0006,PED-0003,INC-0004
STU-00704,Cynthia Jones,F,SCH-0007,PED-0005,INC-0004
STU-00705,Michelle Bush,M,SCH-0008,PED-0001,INC-0001
STU-00706,Laura Wise,F,SCH-0008,PED-0005,INC-0002
STU-00707,Katherine Smith,M,SCH-0002,PED-0004,INC-0003
STU-00708,Christopher Friedman,F,SCH-0010,PED-0004,INC-0002
STU-00709,Anthony Daugherty,F,SCH-0006,PED-0003,INC-0002
STU-00710,Adam Wade,F,SCH-0007,PED-0004,INC-0001
STU-00711,Michael White,M,SCH-0002,PED-0005,INC-0004
STU-00712,Cheryl Clark,F,SCH-0003,PED-0003,INC-0001
STU-00713,Lori Green,F,SCH-0001,PED-0002,INC-0004
STU-00714,William Brown,F,SCH-0001,PED-0003,INC-0004
STU-00715,Harry Wells,M,SCH-0008,PED-0004,INC-0001
STU-00716,Anthony Reed,M,SCH-0009,PED-0004,INC-0001
STU-00717,Brandi Brown,F,SCH-0006,PED-0003,INC-0004
STU-00718,Erin Nielsen,M,SCH-0007,PED-0004,INC-0004
STU-00719,Samantha Williams,F,SCH-0003,PED-0004,INC-0005
STU-00720,Brian Dunn,F,SCH-0002,PED-0004,INC-0004
STU-00721,Stanley Robbins,F,SCH-0004,PED-0005,INC-0001
STU-00722,Carla Smith,F,SCH-0004,PED-0002,INC-0001
STU-00723,John Knight,M,SCH-0008,PED-0002,INC-0005
STU-00724,Lisa Palmer,F,SCH-0002,PED-0003,INC-0004
STU-00725,Eric Johnson,M,SCH-0010,PED-0005,INC-0002
STU-00726,Cynthia Love,M,SCH-0008,PED-0001,INC-0003
STU-00727,Jill Garcia,F,SCH-0004,PED-0002,INC-0003
STU-00728,Charles Zimmerman,F,SCH-0002,PED-0004,INC-0001
STU-00729,Monique Griffin,F,SCH-0003,PED-0005,INC-0003
STU-00730,Rebecca Wright,M,SCH-0009,PED-0004,INC-0005
STU-00731,Todd Osborne,F,SCH-0003,PED-0004,INC-0002
STU-00732,Jamie Arnold,F,SCH-0008,PED-0002,INC-0004
STU-00733,Oscar Cook,F,SCH-0004,PED-0003,INC-0002
STU-00734,Randall Hughes,F,SCH-0003,PED-0004,INC-0003
STU-00735,Michael Holder,F,SCH-0010,PED-0004,INC-0003
STU-00736,Alexis Alexander,F,SCH-0005,PED-0005,INC-0002
STU-00737,Rebecca Scott,M,SCH-0006,PED-0002,INC-0003
STU-00738,Meredith Williams,M,SCH-0009,PED-0004,INC-0002
STU-00739,Christy Jones,F,SCH-0002,PED-0003,INC-0003
STU-00740,Douglas Smith,F,SCH-0008,PED-0002,INC-0005
STU-00741,Vincent Chen,F,SCH-0007,PED-0004,INC-0005
STU-00742,Mary Dillon,M,SCH-0008,PED-0005,INC-0002
STU-00743,Lisa Best,M,SCH-0002,PED-0002,INC-0001
STU-00744,Melissa Wright,M,SCH-0006,PED-0003,INC-0005
STU-00745,Kayla Cortez,M,SCH-0007,PED-0004,INC-0005
STU-00746,Jill Clark,F,SCH-0003,PED-0001,INC-0002
STU-00747,Kristina Rubio,F,SCH-0008,PED-0005,INC-0005
STU-00748,Deanna Monroe,F,SCH-0005,PED-0005,INC-0005
STU-00749,Laura Mcdonald,M,SCH-0010,PED-0002,INC-0004
STU-00750,Kristin Perry,F,SCH-0004,PED-0004,INC-0005
STU-00751,Ryan Richardson,M,SCH-0006,PED-0005,INC-0004
STU-00752,Amanda Leblanc,F,SCH-0006,PED-0004,INC-0004
STU-00753,Shawn Chang,M,SCH-0009,PED-0004,INC-0003
STU-00754,Thomas Ramos,M,SCH-0007,PED-0003,INC-0003
STU-00755,Zachary Mills,M,SCH-0008,PED-0005,INC-0002
STU-00756,Sean Garrett,M,SCH-0009,PED-0002,INC-0005
STU-00757,Christopher Thompson,F,SCH-0006,PED-0005,INC-0004
STU-00758,Mr. Alejandro Woodard Jr.,F,SCH-0002,PED-0004,INC-0003
STU-00759,Mark Torres,M,SCH-0005,PED-0002,INC-0003
STU-00760,Jessica Morris,F,SCH-0009,PED-0001,INC-0004
STU-00761,Michael Morales,M,SCH-0001,PED-0002,INC-0001
STU-00762,Dr. Mark Mcguire,F,SCH-0006,PED-0001,INC-0004
STU-00763,Daniel Gutierrez,M,SCH-0009,PED-0002,INC-0003
STU-00764,Gregory Cherry,F,SCH-0003,PED-0001,INC-0001
STU-00765,Megan White,F,SCH-0006,PED-0005,INC-0005
STU-00766,Cassandra Hamilton,F,SCH-0008,PED-0001,INC-0004
STU-00767,Sarah Hernandez,F,SCH-0008,PED-0001,INC-0003
STU-00768,Thomas Harding,F,SCH-0003,PED-0002,INC-0001
STU-00769,Melissa Porter,F,SCH-0002,PED-0001,INC-0005
STU-00770,Jennifer Mccoy,M,SCH-0001,PED-0002,INC-0005
STU-00771,Erika Morrison,M,SCH-0010,PED-0002,INC-0002
STU-00772,Timothy Ho,F,SCH-0003,PED-0003,INC-0003
STU-00773,Felicia Nelson,F,SCH-0003,PED-0004,INC-0003
STU-00774,Kristi Stevenson,M,SCH-0006,PED-0005,INC-0005
STU-00775,Sandra Smith,F,SCH-0004,PED-0003,INC-0005
STU-00776,George Holland,F,SCH-0004,PED-0001,INC-0002
STU-00777,Thomas Wright,M,SCH-0002,PED-0002,INC-0004
STU-00778,Melvin Parker,M,SCH-0007,PED-0005,INC-0001
STU-00779,Christopher Bender,M,SCH-0002,PED-0004,INC-0003
STU-00780,Brian Huerta,F,SCH-0005,PED-0001,INC-0001
STU-00781,Justin Wall,M,SCH-0001,PED-0004,INC-0005
STU-00782,Edward Mckinney,M,SCH-0004,PED-0005,INC-0002
STU-00783,Denise Taylor,F,SCH-0006,PED-0004,INC-0002
STU-00784,Raymond Page,F,SCH-0009,PED-0003,INC-0003
STU-00785,Lisa Berry,F,SCH-0007,PED-0003,INC-0002
STU-00786,Terry Terrell,M,SCH-0002,PED-0001,INC-0002
STU-00787,Sabrina Drake,M,SCH-0010,PED-0002,INC-0003
STU-00788,William Jones,M,SCH-0006,PED-0001,INC-0002
STU-00789,Kristi Dunn,M,SCH-0010,PED-0005,INC-0004
STU-00790,Carlos Gross,M,SCH-0010,PED-0002,INC-0005
STU-00791,Jane Johnson,F,SCH-0004,PED-0005,INC-0001
STU-00792,Alexandria Green,M,SCH-0009,PED-0005,INC-0003
STU-00793,Nicholas Schmitt,F,SCH-0008,PED-0005,INC-0002
STU-00794,Jason Anderson,M,SCH-0006,PED-0003,INC-0005
STU-00795,Joshua Wilson,M,SCH-0004,PED-0001,INC-0001
STU-00796,Karen Vance,F,SCH-0009,PED-0004,INC-0005
STU-00797,Stephanie Mcconnell,M,SCH-0005,PED-0002,INC-0002
STU-00798,Bridget Schmidt,F,SCH-0007,PED-0005,INC-0005
STU-00799,Tammy Jenkins,M,SCH-0006,PED-0004,INC-0004
STU-00800,Cynthia Miller,M,SCH-0010,PED-0004,INC-0002
STU-00801,Anthony Burton,F,SCH-0009,PED-0002,INC-0005
STU-00802,Lisa Hess,M,SCH-0005,PED-0001,INC-0003
STU-00803,Joseph Watkins,F,SCH-0006,PED-0001,INC-0003
STU-00804,James Ramos,F,SCH-0009,PED-0002,INC-0002
STU-00805,Thomas Price,F,SCH-0001,PED-0001,INC-0005
STU-00806,Pamela Wong,F,SCH-0009,PED-0002,INC-0003
STU-00807,Christopher Parrish,M,SCH-0008,PED-0002,INC-0004
STU-00808,Natalie Smith,F,SCH-0006,PED-0003,INC-0005
STU-00809,Brandy Lee,F,SCH-0006,PED-0002,INC-0002
STU-00810,Kevin Williams,M,SCH-0006,PED-0002,INC-0004
STU-00811,Shannon Mccormick,M,SCH-0003,PED-0001,INC-0003
STU-00812,Janet Hernandez,F,SCH-0009,PED-0001,INC-0005
STU-00813,Christopher Braun,M,SCH-0004,PED-0004,INC-0001
STU-00814,Danielle Foster,M,SCH-0003,PED-0004,INC-0001
STU-00815,Kevin Barrera,M,SCH-0003,PED-0003,INC-0003
STU-00816,Vanessa White,M,SCH-0005,PED-0002,INC-0002
STU-00817,Emily Martin,F,SCH-0009,PED-0005,INC-0004
STU-00818,Todd Anderson,M,SCH-0003,PED-0004,INC-0001
STU-00819,Brandi Smith,F,SCH-0008,PED-0002,INC-0003
STU-00820,Kylie Collins,M,SCH-0010,PED-0001,INC-0004
STU-00821,Jennifer Jordan,M,SCH-0004,PED-0002,INC-0002
STU-00822,Kenneth Reyes,F,SCH-0002,PED-0002,INC-0001
STU-00823,Michael Turner,M,SCH-0005,PED-0001,INC-0004
STU-00824,Vanessa Young,M,SCH-0008,PED-0004,INC-0001
STU-00825,Joshua Lindsey,F,SCH-0009,PED-0005,INC-0002
STU-00826,Joshua Tanner,M,SCH-0009,PED-0005,INC-0004
STU-00827,Abigail Finley,M,SCH-0010,PED-0003,INC-0005
STU-00828,Crystal Sandoval,M,SCH-0002,PED-0001,INC-0005
STU-00829,Shannon Leon,F,SCH-0001,PED-0004,INC-0001
STU-00830,Travis Hernandez MD,M,SCH-0002,PED-0001,INC-0003
STU-00831,Gary Richards,M,SCH-0008,PED-0003,INC-0002
STU-00832,Kristen White,M,SCH-0006,PED-0005,INC-0001
STU-00833,Brenda Lopez,F,SCH-0008,PED-0004,INC-0002
STU-00834,William Snow,F,SCH-0006,PED-0004,INC-0005
STU-00835,Andrew Dennis,M,SCH-0009,PED-0001,INC-0001
STU-00836,William Hooper,F,SCH-0007,PED-0002,INC-0001
STU-00837,Jamie Pratt,F,SCH-0009,PED-0004,INC-0005
STU-00838,Frank Whitaker,M,SCH-0001,PED-0005,INC-0003
STU-00839,Renee Allen,M,SCH-0008,PED-0003,INC-0001
STU-00840,Christine Jones,F,SCH-0008,PED-0002,INC-0004
STU-00841,Judy Lyons,F,SCH-0006,PED-0004,INC-0003
STU-00842,Daniel Terry,M,SCH-0004,PED-0002,INC-0002
STU-00843,Jeffrey Jackson,M,SCH-0009,PED-0001,INC-0005
STU-00844,Lindsay Butler,F,SCH-0005,PED-0003,INC-0003
STU-00845,Heather Campbell,F,SCH-0008,PED-0001,INC-0004
STU-00846,Derek Glover,F,SCH-0006,PED-0001,INC-0004
STU-00847,Martha Boyd,F,SCH-0010,PED-0001,INC-0001
STU-00848,Robert Ellis,F,SCH-0007,PED-0001,INC-0004
STU-00849,Christopher Chambers,F,SCH-0006,PED-0003,INC-0004
STU-00850,Nathan Woodward,M,SCH-0003,PED-0003,INC-0002
STU-00851,Craig Nolan,M,SCH-0010,PED-0003,INC-0002
STU-00852,Rhonda Taylor,M,SCH-0009,PED-0001,INC-0004
STU-00853,Trevor Sullivan,F,SCH-0008,PED-0001,INC-0001
STU-00854,Carrie Koch,F,SCH-0008,PED-0002,INC-0004
STU-00855,Christopher Knight,M,SCH-0008,PED-0002,INC-0005
STU-00856,James Cohen,M,SCH-0007,PED-0003,INC-0003
STU-00857,Kelly Bradford,M,SCH-0006,PED-0002,INC-0005
STU-00858,Michael Schultz,M,SCH-0005,PED-0003,INC-0002
STU-00859,Marcus Stone,F,SCH-0002,PED-0001,INC-0002
STU-00860,Christine Lee,F,SCH-0004,PED-0001,INC-0005
STU-00861,William Cole,F,SCH-0001,PED-0004,INC-0002
STU-00862,Tara Garcia,M,SCH-0004,PED-0004,INC-0001
STU-00863,Sarah Moreno,M,SCH-0010,PED-0003,INC-0003
STU-00864,Edwin Rogers,F,SCH-0002,PED-0003,INC-0005
STU-00865,Alex Hunter,F,SCH-0008,PED-0004,INC-0004
STU-00866,Richard Shaw,M,SCH-0005,PED-0005,INC-0003
STU-00867,Wesley Steele,F,SCH-0005,PED-0002,INC-0005
STU-00868,Latasha Cruz,F,SCH-0001,PED-0004,INC-0004
STU-00869,Jaime Alexander,F,SCH-0001,PED-0002,INC-0003
STU-00870,Kirsten Miller,M,SCH-0004,PED-0005,INC-0001
STU-00871,Joseph Booker,F,SCH-0003,PED-0002,INC-0001
STU-00872,Daniel Wade,F,SCH-0002,PED-0005,INC-0005
STU-00873,Tracy Jackson,F,SCH-0005,PED-0002,INC-0001
STU-00874,Joel Thompson,F,SCH-0005,PED-0002,INC-0002
STU-00875,Richard Miller,M,SCH-0001,PED-0004,INC-0003
STU-00876,Jason Sullivan,F,SCH-0004,PED-0004,INC-0002
STU-00877,Brittany Nixon,F,SCH-0010,PED-0003,INC-0002
STU-00878,Wayne Johnson,F,SCH-0005,PED-0003,INC-0001
STU-00879,Steven Oneal,F,SCH-0006,PED-0003,INC-0003
STU-00880,Isabella Hamilton,F,SCH-0006,PED-0003,INC-0004
STU-00881,Gerald Chaney PhD,M,SCH-0009,PED-0001,INC-0003
STU-00882,Jonathan Colon,M,SCH-0003,PED-0004,INC-0001
STU-00883,Gregory Edwards,M,SCH-0005,PED-0004,INC-0004
STU-00884,James Wagner,M,SCH-0005,PED-0001,INC-0005
STU-00885,Jason Barnett,F,SCH-0002,PED-0002,INC-0005
STU-00886,Dennis Newman,M,SCH-0002,PED-0002,INC-0001
STU-00887,Wendy Davis,M,SCH-0003,PED-0004,INC-0002
STU-00888,Frances Williams,M,SCH-0001,PED-0005,INC-0002
STU-00889,Bethany Wright,F,SCH-0007,PED-0002,INC-0005
STU-00890,Jay Smith,M,SCH-0007,PED-0005,INC-0004
STU-00891,Nathaniel Cain,M,SCH-0006,PED-0004,INC-0003
STU-00892,Elizabeth Valencia PhD,F,SCH-0008,PED-0002,INC-0003
STU-00893,Stephanie Decker,M,SCH-0008,PED-0005,INC-0002
STU-00894,Christian Johnson,M,SCH-0007,PED-0004,INC-0001
STU-00895,Matthew Tran,M,SCH-0003,PED-0005,INC-0002
STU-00896,Stanley Walker,F,SCH-0003,PED-0004,INC-0001
STU-00897,Stanley Oconnor MD,F,SCH-0005,PED-0004,INC-0004
STU-00898,David Richardson,M,SCH-0001,PED-0003,INC-0001
STU-00899,Philip Houston,F,SCH-0009,PED-0003,INC-0001
STU-00900,Cheryl Jackson,M,SCH-0009,PED-0004,INC-0004
STU-00901,John Anderson,M,SCH-0003,PED-0004,INC-0004
STU-00902,Kendra Ray,M,SCH-0001,PED-0004,INC-0002
STU-00903,Caleb Hill,F,SCH-0006,PED-0001,INC-0002
STU-00904,Jeffrey Goodwin,M,SCH-0002,PED-0004,INC-0004
STU-00905,Kimberly Burke,F,SCH-0009,PED-0001,INC-0002
STU-00906,Nicole Gilbert,M,SCH-0005,PED-0002,INC-0001
STU-00907,Kelly Henry,M,SCH-0003,PED-0005,INC-0001
STU-00908,James Jones,F,SCH-0006,PED-0004,INC-0001
STU-00909,Michael Gibson,M,SCH-0010,PED-0003,INC-0004
STU-00910,Ann Turner,M,SCH-0004,PED-0002,INC-0002
STU-00911,Adam Green,M,SCH-0007,PED-0003,INC-0005
STU-00912,Kathy Norman,F,SCH-0003,PED-0005,INC-0005
STU-00913,Frank Contreras,M,SCH-0003,PED-0002,INC-0004
STU-00914,Denise Conway,M,SCH-0004,PED-0003,INC-0005
STU-00915,Madison Murphy,F,SCH-0006,PED-0002,INC-0001
STU-00916,Cathy Garcia,M,SCH-0008,PED-0002,INC-0004
STU-00917,Sarah Roberts,M,SCH-0005,PED-0004,INC-0002
STU-00918,David Rose,M,SCH-0001,PED-0003,INC-0005
STU-00919,Sophia Harris,M,SCH-0005,PED-0003,INC-0004
STU-00920,Melanie Adams,M,SCH-0003,PED-0003,INC-0005
STU-00921,Ryan Hanson,F,SCH-0007,PED-0002,INC-0005
STU-00922,Charles Perez,F,SCH-0001,PED-0001,INC-0004
STU-00923,Julie Perry,F,SCH-0004,PED-0005,INC-0001
STU-00924,John Nelson,M,SCH-0009,PED-0003,INC-0003
STU-00925,Anthony Obrien,F,SCH-0009,PED-0002,INC-0001
STU-00926,Lance Roman,M,SCH-0008,PED-0001,INC-0001
STU-00927,Christopher Williams,F,SCH-0006,PED-0004,INC-0005
STU-00928,Sheri Morris,M,SCH-0005,PED-0002,INC-0005
STU-00929,Karen Larsen,M,SCH-0009,PED-0002,INC-0004
STU-00930,Thomas Baker,M,SCH-0005,PED-0003,INC-0001
STU-00931,Jonathan Williams,F,SCH-0010,PED-0001,INC-0005
STU-00932,Breanna May,M,SCH-0009,PED-0003,INC-0001
STU-00933,Melissa Smith,F,SCH-0007,PED-0001,INC-0004
STU-00934,Melissa Lee,M,SCH-0004,PED-0003,INC-0003
STU-00935,Amber Wells,M,SCH-0010,PED-0001,INC-0003
STU-00936,Jonathan Perez,M,SCH-0010,PED-0003,INC-0004
STU-00937,Cory Gutierrez,M,SCH-0010,PED-0002,INC-0004
STU-00938,Danny Alexander,F,SCH-0002,PED-0004,INC-0003
STU-00939,Brittany Berger,M,SCH-0007,PED-0001,INC-0002
STU-00940,Sarah Mitchell,F,SCH-0008,PED-0005,INC-0004
STU-00941,Lori Conway,F,SCH-0001,PED-0004,INC-0002
STU-00942,Anna Coleman,M,SCH-0010,PED-0005,INC-0003
STU-00943,Brittany Howe,F,SCH-0006,PED-0005,INC-0004
STU-00944,Megan Hart,F,SCH-0004,PED-0001,INC-0001
STU-00945,William Williams,M,SCH-0009,PED-0004,INC-0004
STU-00946,Meghan Edwards,M,SCH-0007,PED-0003,INC-0002
STU-00947,Perry Jones,M,SCH-0005,PED-0003,INC-0001
STU-00948,Jeremiah Dixon,F,SCH-0006,PED-0003,INC-0004
STU-00949,Bradley Mendoza,M,SCH-0005,PED-0003,INC-0005
STU-00950,Robert Figueroa,M,SCH-0009,PED-0005,INC-0005
STU-00951,Christian Brown,F,SCH-0009,PED-0001,INC-0004
STU-00952,Brian Duke,M,SCH-0010,PED-0002,INC-0003
STU-00953,Edward Schneider,M,SCH-0008,PED-0003,INC-0002
STU-00954,April Mcdaniel,M,SCH-0007,PED-0002,INC-0003
STU-00955,Catherine Price,F,SCH-0005,PED-0003,INC-0003
STU-00956,Brandon Allen,M,SCH-0008,PED-0002,INC-0003
STU-00957,Dillon Sweeney,M,SCH-0003,PED-0005,INC-0001
STU-00958,Nicholas Hart,F,SCH-0010,PED-0003,INC-0004
STU-00959,Jason Jackson,M,SCH-0010,PED-0001,INC-0002
STU-00960,Kyle Ramos,M,SCH-0001,PED-0002,INC-0005
STU-00961,Tina Smith,M,SCH-0002,PED-0001,INC-0001
STU-00962,Rebecca Howard,M,SCH-0009,PED-0002,INC-0005
STU-00963,James Mccarty,M,SCH-0002,PED-0004,INC-0002
STU-00964,Gregory Olson,F,SCH-0007,PED-0003,INC-0001
STU-00965,Kyle Tucker,F,SCH-0002,PED-0003,INC-0005
STU-00966,Steven Cunningham,F,SCH-0005,PED-0005,INC-0001
STU-00967,Regina Kennedy,F,SCH-0002,PED-0002,INC-0004
STU-00968,Holly Brooks,M,SCH-0005,PED-0003,INC-0002
STU-00969,Tiffany Little,M,SCH-0009,PED-0001,INC-0002
STU-00970,Michael Black,F,SCH-0004,PED-0001,INC-0002
STU-00971,Robyn Sanchez,F,SCH-0003,PED-0003,INC-0003
STU-00972,Seth Stewart,M,SCH-0002,PED-0002,INC-0003
STU-00973,Veronica Smith,M,SCH-0006,PED-0002,INC-0005
STU-00974,Robert Strong,M,SCH-0005,PED-0004,INC-0002
STU-00975,Daniel Jenkins,M,SCH-0009,PED-0004,INC-0002
STU-00976,Lisa Gonzalez,M,SCH-0005,PED-0002,INC-0001
STU-00977,Jessica Montes,F,SCH-0006,PED-0001,INC-0003
STU-00978,Daniel Daniels,F,SCH-0002,PED-0001,INC-0001
STU-00979,Brandon Estrada,M,SCH-0009,PED-0003,INC-0003
STU-00980,Oscar Bentley DVM,M,SCH-0009,PED-0001,INC-0001
STU-00981,Kevin Chase,F,SCH-0004,PED-0002,INC-0001
STU-00982,Isaac Jackson,F,SCH-0009,PED-0004,INC-0004
STU-00983,Brandon Cantu,M,SCH-0002,PED-0002,INC-0001
STU-00984,Pamela Johnson,M,SCH-0010,PED-0005,INC-0004
STU-00985,Stephanie House,F,SCH-0004,PED-0005,INC-0002
STU-00986,Edward Wilson,M,SCH-0007,PED-0005,INC-0001
STU-00987,Ashley Dean,F,SCH-0004,PED-0005,INC-0004
STU-00988,Ashley Roth,F,SCH-0006,PED-0004,INC-0001
STU-00989,Jacqueline Moyer,F,SCH-0002,PED-0003,INC-0004
STU-00990,Ryan Hanson,F,SCH-0010,PED-0003,INC-0004
STU-00991,Thomas Rogers,M,SCH-0008,PED-0001,INC-0001
STU-00992,Ethan Gonzales,F,SCH-0007,PED-0005,INC-0003
STU-00993,Michael Horn DDS,F,SCH-0006,PED-0005,INC-0004
STU-00994,Barry Estrada,F,SCH-0004,PED-0001,INC-0004
STU-00995,Deborah Lopez,F,SCH-0002,PED-0002,INC-0003
STU-00996,Luis Schwartz,F,SCH-0005,PED-0005,INC-0001
STU-00997,Lisa Dennis,M,SCH-0005,PED-0004,INC-0002
STU-00998,Oscar Thomas,M,SCH-0008,PED-0001,INC-0002
STU-00999,Lori Jordan,M,SCH-0002,PED-0003,INC-0003
STU-01000,Christopher Mcgee,M,SCH-0006,PED-0004,INC-0002
